Title,Authors,CleanedTitle,CleanedAuthors,Content,Topic,TopicName
A review of classification,RM Cormack,review classification,RM Cormack,review classification,-1,-1_research_review_paper_education
Estimating psychological networks and their accuracy: A tutorial paper,"S Epskamp, D Borsboom, EI Fried",estimating psychological network accuracy tutorial paper,"S Epskamp, D Borsboom, EI Fried",estimating psychological network accuracy tutorial paper,-1,-1_research_review_paper_education
Review of particle physics,"K Hagiwara, K Hikasa, K Nakamura…",review particle physic,"K Hagiwara, K Hikasa, K Nakamura…",review particle physic,-1,-1_research_review_paper_education
Applications of structural equation modeling in marketing and consumer research : A review,"H Baumgartner, C Homburg",application structural equation modeling marketing consumer research review,"H Baumgartner, C Homburg",application structural equation modeling marketing consumer research review,-1,-1_research_review_paper_education
The statistical power of abnormal-social psychological research : a review .,J Cohen,statistical power abnormal-social psychological research review,J Cohen,statistical power abnormal-social psychological research review,-1,-1_research_review_paper_education
Practical research,"PD Leedy, JE Ormrod",practical research,"PD Leedy, JE Ormrod",practical research,-1,-1_research_review_paper_education
Review of research : How leadership influences student learning,"KA Leithwood, KS Louis, S Anderson, K Wahlstrom",review research leadership influence student learning,"KA Leithwood, KS Louis, S Anderson, K Wahlstrom",review research leadership influence student learning,-1,-1_research_review_paper_education
Job attitudes; review of research and opinion.,"F Herzberg, B Mausnes, RO Peterson, DF Capwell",job attitude review research opinion,"F Herzberg, B Mausnes, RO Peterson, DF Capwell",job attitude review research opinion,-1,-1_research_review_paper_education
Literature review of Industry 4.0 and related technologies,"E Oztemel, S Gursev",literature review industry 4.0 related technology,"E Oztemel, S Gursev",literature review industry 4.0 related technology,-1,-1_research_review_paper_education
A manual of paper chromatography and paper electrophoresis,"RJ Block, EL Durrum, G Zweig",manual paper chromatography paper electrophoresis,"RJ Block, EL Durrum, G Zweig",manual paper chromatography paper electrophoresis,-1,-1_research_review_paper_education
A review of micropumps,"DJ Laser, JG Santiago",review micropumps,"DJ Laser, JG Santiago",review micropumps,-1,-1_research_review_paper_education
Rotaviruses: a review,"MK Estes, EL Palmer, JF Obijeski",rotavirus review,"MK Estes, EL Palmer, JF Obijeski",rotavirus review,-1,-1_research_review_paper_education
Paper a 20,"JW Rouse Jr, RH Haas, JA Schell…",paper 20,"JW Rouse Jr, RH Haas, JA Schell…",paper 20,-1,-1_research_review_paper_education
How to research,"L Blaxter, C Hughes, M Tight",research,"L Blaxter, C Hughes, M Tight",research,-1,-1_research_review_paper_education
A new review of the chlorites,MH Hey,new review chlorite,MH Hey,new review chlorite,-1,-1_research_review_paper_education
Paper electronics,"D Tobjörk, R Österbacka",paper electronics,"D Tobjörk, R Österbacka",paper electronics,-1,-1_research_review_paper_education
Paper Before Print: The History and Impact of Paper in the,JM Bloom,paper print history impact paper,JM Bloom,paper print history impact paper,-1,-1_research_review_paper_education
The chemistry of paper,JC Roberts,chemistry paper,JC Roberts,chemistry paper,-1,-1_research_review_paper_education
Mixed methods research : A research paradigm whose time has come,"RB Johnson, AJ Onwuegbuzie",mixed method research research paradigm whose time come,"RB Johnson, AJ Onwuegbuzie",mixed method research research paradigm whose time come,-1,-1_research_review_paper_education
Cluster analysis in marketing research : Review and suggestions for application,"G Punj, DW Stewart",cluster analysis marketing research review suggestion application,"G Punj, DW Stewart",cluster analysis marketing research review suggestion application,-1,-1_research_review_paper_education
Interacting with paper on the DigitalDesk,P Wellner,interacting paper digitaldesk,P Wellner,interacting paper digitaldesk,-1,-1_research_review_paper_education
A review of research on project-based learning,JW Thomas,review research project-based learning,JW Thomas,review research project-based learning,-1,-1_research_review_paper_education
A review on yolov8 and its advancements,"M Sohan, T Sai Ram, CV Rami Reddy",review yolov8 advancement,"M Sohan, T Sai Ram, CV Rami Reddy",review yolov8 advancement,-1,-1_research_review_paper_education
Conducting research literature reviews: From the internet to paper,A Fink,conducting research literature review internet paper,A Fink,conducting research literature review internet paper,-1,-1_research_review_paper_education
The health effects of cannabis and cannabinoids: the current state of evidence and recommendations for research,"…, An Evidence Review, Research Agenda",health effect cannabis cannabinoids current state evidence recommendation research,"…, An Evidence Review, Research Agenda",health effect cannabis cannabinoids current state evidence recommendation research,-1,-1_research_review_paper_education
Note on a paper of John W. Miles,LN Howard,note paper john w. mile,LN Howard,note paper john w. mile,-1,-1_research_review_paper_education
Margins: A Research Initiative for Interdisciplinary Studies of the Processes Attending Lithospheric Extension and Convergence,"National Research Council, Division on Engineering…",margin research initiative interdisciplinary study process attending lithospheric extension convergence,"National Research Council, Division on Engineering…",margin research initiative interdisciplinary study process attending lithospheric extension convergence,-1,-1_research_review_paper_education
The network paradigm in organizational research : A review and typology,"SP Borgatti, PC Foster",network paradigm organizational research review typology,"SP Borgatti, PC Foster",network paradigm organizational research review typology,-1,-1_research_review_paper_education
"Relieving pain in America: a blueprint for transforming prevention, care, education, and research","…, Committee on Advancing Pain Research…",relieving pain america blueprint transforming prevention care education research,"…, Committee on Advancing Pain Research…",relieving pain america blueprint transforming prevention care education research,-1,-1_research_review_paper_education
Online education and its effective practice: A research review .,"A Sun, X Chen",online education effective practice research review,"A Sun, X Chen",online education effective practice research review,-1,-1_research_review_paper_education
Literature review as a research methodology: An overview and guidelines,H Snyder,literature review research methodology overview guideline,H Snyder,literature review research methodology overview guideline,-1,-1_research_review_paper_education
Effective schools: A review,"SC Purkey, MS Smith",effective school review,"SC Purkey, MS Smith",effective school review,-1,-1_research_review_paper_education
Initial national priorities for comparative effectiveness research,Committee on Comparative Effectiveness Research …,initial national priority comparative effectiveness research,Committee on Comparative Effectiveness Research …,initial national priority comparative effectiveness research,-1,-1_research_review_paper_education
Biotechnology research in an age of terrorism,"National Research Council, Global Affairs, Security…",biotechnology research age terrorism,"National Research Council, Global Affairs, Security…",biotechnology research age terrorism,-1,-1_research_review_paper_education
A review of research on teacher beliefs and practices,Z Fang,review research teacher belief practice,Z Fang,review research teacher belief practice,-1,-1_research_review_paper_education
Technology transfer and public policy: a review of research and theory,B Bozeman,technology transfer public policy review research theory,B Bozeman,technology transfer public policy review research theory,-1,-1_research_review_paper_education
Effects of text illustrations: A review of research,"WH Levie, R Lentz",effect text illustration review research,"WH Levie, R Lentz",effect text illustration review research,-1,-1_research_review_paper_education
The changing nature of careers: A review and research agenda,SE Sullivan,changing nature career review research agenda,SE Sullivan,changing nature career review research agenda,-1,-1_research_review_paper_education
A review of tax research,"M Hanlon, S Heitzman",review tax research,"M Hanlon, S Heitzman",review tax research,-1,-1_research_review_paper_education
Open science by design: Realizing a vision for 21st century research,"…, Medicine, Global Affairs, Board on Research Data…",open science design realizing vision 21st century research,"…, Medicine, Global Affairs, Board on Research Data…",open science design realizing vision 21st century research,-1,-1_research_review_paper_education
Conducting research literature reviews: From the internet to paper,A Fink,conducting research literature review internet paper,A Fink,conducting research literature review internet paper,-1,-1_research_review_paper_education
The health effects of cannabis and cannabinoids: the current state of evidence and recommendations for research,"…, An Evidence Review, Research Agenda",health effect cannabis cannabinoids current state evidence recommendation research,"…, An Evidence Review, Research Agenda",health effect cannabis cannabinoids current state evidence recommendation research,-1,-1_research_review_paper_education
Note on a paper of John W. Miles,LN Howard,note paper john w. mile,LN Howard,note paper john w. mile,-1,-1_research_review_paper_education
Margins: A Research Initiative for Interdisciplinary Studies of the Processes Attending Lithospheric Extension and Convergence,"National Research Council, Division on Engineering…",margin research initiative interdisciplinary study process attending lithospheric extension convergence,"National Research Council, Division on Engineering…",margin research initiative interdisciplinary study process attending lithospheric extension convergence,-1,-1_research_review_paper_education
The network paradigm in organizational research : A review and typology,"SP Borgatti, PC Foster",network paradigm organizational research review typology,"SP Borgatti, PC Foster",network paradigm organizational research review typology,-1,-1_research_review_paper_education
"Relieving pain in America: a blueprint for transforming prevention, care, education, and research","…, Committee on Advancing Pain Research…",relieving pain america blueprint transforming prevention care education research,"…, Committee on Advancing Pain Research…",relieving pain america blueprint transforming prevention care education research,-1,-1_research_review_paper_education
Online education and its effective practice: A research review .,"A Sun, X Chen",online education effective practice research review,"A Sun, X Chen",online education effective practice research review,-1,-1_research_review_paper_education
"Digital marketing: A framework, review and research agenda",PK Kannan,digital marketing framework review research agenda,PK Kannan,digital marketing framework review research agenda,-1,-1_research_review_paper_education
Computer vision and image processing: a paper review,"V Wiley, T Lucas",computer vision image processing paper review,"V Wiley, T Lucas",computer vision image processing paper review,-1,-1_research_review_paper_education
Research review /teacher learning: What matters,L Darling,research review /teacher learning matter,L Darling,research review /teacher learning matter,-1,-1_research_review_paper_education
