CleanedTitle,TopicName
research review paper biodiesel microalgae,2_material_paper_application_review
research review paper cellulases related enzyme biotechnology,2_material_paper_application_review
research review paper glycerol production microbial fermentation review,2_material_paper_application_review
research review paper lipase lipophilization reaction,2_material_paper_application_review
research review paper many way cleave hyaluronan,2_material_paper_application_review
research review paper insect cell human food,2_material_paper_application_review
research review paper control fed-batch fermentation,2_material_paper_application_review
research review paper methionine production fermentation,2_material_paper_application_review
research review paper targeted modification mammalian genome,-1_research_review_paper_literature
research review paper biotechnological us archaeal extremozymes,2_material_paper_application_review
review paper scope etl retail domain,3_research_review_system_literature
inspection monitoring system subsea pipeline review paper,-1_research_review_paper_literature
review paper de aes rsa encryption standard,-1_research_review_paper_literature
academic integrity online assessment research review,4_student_learning_teacher_teaching
environmental risk factor cancer review paper,0_review_qualitative_research_health
review paper human computer interaction,-1_research_review_paper_literature
cloud manufacturing service-oriented manufacturing paradigm review paper,-1_research_review_paper_literature
review paper cloud computing,13_computing_cloud_thing_iot
smart city smart tourism destination review paper,-1_research_review_paper_literature
review resource-based view information system research review extension suggestion future research,3_research_review_system_literature
sustainable tourism policy research review,-1_research_review_paper_literature
employee engagement review paper factor affecting employee engagement,-1_research_review_paper_literature
online education effective practice research review,4_student_learning_teacher_teaching
ethic educational research review board ethical issue researcher development,-1_research_review_paper_literature
exploration global employability skill systematic research review,-1_research_review_paper_literature
review paper text summarization,-1_research_review_paper_literature
special focus research challenge animal model biological defense review paper pathology animal model alphavirus encephalitis,-1_research_review_paper_literature
review nanofluids preparation stability mechanism application ethylene glycol – water based nanofluids dispersed multi walled carbon nanotube,2_material_paper_application_review
jumping nlp curve review natural language processing research review article,3_research_review_system_literature
formal informal learning workplace research review,-1_research_review_paper_literature
use partial least square pls strategic management research review four recent study,6_strategic_organizational_research_dynamic
organizational citizenship behavior critical review theoretical empirical literature suggestion future research,-1_research_review_paper_literature
systematic review research artificial intelligence application higher education – educator,4_student_learning_teacher_teaching
transfer training review direction future research,-1_research_review_paper_literature
business case corporate social responsibility review concept research practice,-1_research_review_paper_literature
past present future industry 4.0 systematic literature review research agenda proposal,-1_research_review_paper_literature
review self-regulated learning six model four direction research,4_student_learning_teacher_teaching
systematic review research perspective recommender system,3_research_review_system_literature
extending theory planned behavior review avenue research,-1_research_review_paper_literature
entrepreneurship dynamic capability review model research agenda,6_strategic_organizational_research_dynamic
research paper narrative review exploring effectiveness compassion-focused therapy,11_psychological_disorder_spiritual_depression
understanding blockchain technology future supply chain systematic literature review research agenda,-1_research_review_paper_literature
digital transformation review synthesis opportunity future research,-1_research_review_paper_literature
review,1_learning_algorithm_image_review
issn exercise sport nutrition review update research recommendation,-1_research_review_paper_literature
resilience business management research review influential publication research agenda,7_supply_chain_risk_management
digital transformation environmental sustainability review research agenda,-1_research_review_paper_literature
categorizing categorization research review integration future direction,6_strategic_organizational_research_dynamic
writing literature review research paper step-by-step approach,3_research_review_system_literature
development brick waste material review paper,2_material_paper_application_review
twenty year research peer victimization psychosocial maladjustment meta-analytic review cross-sectional study,-1_research_review_paper_literature
methodological guidance paper high-quality meta-analysis systematic review,0_review_qualitative_research_health
blockchain ai review open research challenge,-1_research_review_paper_literature
transdisciplinary review deep learning research relevance water resource scientist,1_learning_algorithm_image_review
research review importance callous-unemotional trait developmental model aggressive antisocial behavior,9_child_autism_parenting_de
green human resource management research emergence review future direction,-1_research_review_paper_literature
designing business model circular economy systematic literature review research agenda,-1_research_review_paper_literature
teacher cognition language teaching review research language teacher think know believe,4_student_learning_teacher_teaching
review research scientific inquiry,3_research_review_system_literature
dynamic capability review research agenda,6_strategic_organizational_research_dynamic
financial inclusion research around world review,5_financial_accounting_research_empirical
review genetic algorithm past present future,1_learning_algorithm_image_review
decarbonization shipping industry review research technology development innovation proposal,-1_research_review_paper_literature
big data analytics capability systematic literature review research agenda,-1_research_review_paper_literature
digital transformation literature review guideline future research,-1_research_review_paper_literature
systematic literature review entrepreneurial intention citation thematic analysis research agenda,-1_research_review_paper_literature
object detection deep learning review,1_learning_algorithm_image_review
research resilience power system natural disasters—a review,8_power_system_converter_technology
big data analytics e-commerce systematic review agenda future research,-1_research_review_paper_literature
green human resource management review research agenda,-1_research_review_paper_literature
research-paper recommender system literature survey,3_research_review_system_literature
state art research microgrids review,8_power_system_converter_technology
sampling software engineering research critical review guideline,-1_research_review_paper_literature
information privacy research interdisciplinary review,-1_research_review_paper_literature
laser modification material surface layer – review paper,2_material_paper_application_review
review current international research cellulose nanofibres nanocomposites,2_material_paper_application_review
review recent near-infrared research wood paper part 2,2_material_paper_application_review
systematic review perception system simulator autonomous vehicle research,1_learning_algorithm_image_review
human resource management performance review research agenda,6_strategic_organizational_research_dynamic
extending use institutional theory operation supply chain management research review research suggestion,-1_research_review_paper_literature
impact perception presence emotional reaction review research virtual reality,-1_research_review_paper_literature
review challenge research opportunity voltage control smart grid,8_power_system_converter_technology
zero defect manufacturing state-of-the-art review shortcoming future direction research,-1_research_review_paper_literature
scoping review machine learning psychotherapy research,-1_research_review_paper_literature
towards framework literature review process support information system research,3_research_review_system_literature
transformational leadership employee psychological well-being review direction future research,-1_research_review_paper_literature
review review culture information system research toward theory information technology culture conflict,-1_research_review_paper_literature
guide conducting systematic literature review information system research,3_research_review_system_literature
understanding generation use social medium review research agenda,-1_research_review_paper_literature
knowledge transfer university–industry research partnership review,-1_research_review_paper_literature
clinician‐administered ptsd scale review first ten year research,11_psychological_disorder_spiritual_depression
review recent research vibration energy harvesting via bistable system,2_material_paper_application_review
cultural intelligence review new research avenue,6_strategic_organizational_research_dynamic
augmented reality trend education systematic review research application,-1_research_review_paper_literature
systematic review empirical research self-reported racism health,-1_research_review_paper_literature
electrochemistry paper‐based analytical device review,2_material_paper_application_review
conceptual review paper revisiting existing research develop refine theory,3_research_review_system_literature
cooperative learning review research practice,4_student_learning_teacher_teaching
celebrity endorsement literature review research agenda,10_consumer_food_organic_online
learning concept drift review,1_learning_algorithm_image_review
research survey review flexible job shop scheduling technique,12_scheduling_production_problem_time
review force myography research development,2_material_paper_application_review
paper platform sensing application device review,2_material_paper_application_review
machine learning agriculture review,1_learning_algorithm_image_review
system approach conduct effective literature review support information system research,3_research_review_system_literature
lean manufacturing literature review research issue,-1_research_review_paper_literature
social medium consumer engagement review research agenda,10_consumer_food_organic_online
methodological guidance paper art science quality systematic review,-1_research_review_paper_literature
customer experience – review research agenda,10_consumer_food_organic_online
two decade research nation branding review future research agenda,-1_research_review_paper_literature
review electric vehicle technology challenge,8_power_system_converter_technology
application supervised machine learning autism spectrum disorder research review,9_child_autism_parenting_de
reading paper digitally past decade empirical research reveal,-1_research_review_paper_literature
muscle dysmorphia dsm-v conundrum belong review paper,11_psychological_disorder_spiritual_depression
research religion spirituality mental health review,11_psychological_disorder_spiritual_depression
technique extraction isolation natural product comprehensive review,2_material_paper_application_review
gamification work -- literature review empirical study gamification,-1_research_review_paper_literature
gender stereotype advertising review current research,10_consumer_food_organic_online
privacy digital age review information privacy research information system,-1_research_review_paper_literature
partial least square structural equation modeling hrm research,6_strategic_organizational_research_dynamic
review deep learning research,1_learning_algorithm_image_review
review paper health status migrant australia review,0_review_qualitative_research_health
advance high energy material review paper,2_material_paper_application_review
flexible automation intelligent manufacturing faim 2017 27-30 june 2017 modena italy review role digital twin cps-based production system,-1_research_review_paper_literature
paper 2 performing rapid review,0_review_qualitative_research_health
csr initiative market signal review research agenda,-1_research_review_paper_literature
review paper ancient dna,2_material_paper_application_review
internet thing supply chain management literature review,7_supply_chain_risk_management
matching method causal inference review look forward,0_review_qualitative_research_health
external review validation swedish national inpatient register,0_review_qualitative_research_health
review sentiment analysis research chinese language,1_learning_algorithm_image_review
digital twin enabling technology challenge open research,13_computing_cloud_thing_iot
updated expanded assessment pls-sem information system research,-1_research_review_paper_literature
integrative review updated methodology,0_review_qualitative_research_health
time discounting time preference critical review,-1_research_review_paper_literature
review paper impact computerized provider order entry system inpatient clinical workflow literature review,0_review_qualitative_research_health
measuring trust organisational research review recommendation,-1_research_review_paper_literature
multi-agent system application manufacturing system supply chain management review paper,12_scheduling_production_problem_time
review multi-label learning algorithm,1_learning_algorithm_image_review
paper conservation method literature review,2_material_paper_application_review
grey wolf optimizer review recent variant application,1_learning_algorithm_image_review
operation control application modular multilevel converter review,8_power_system_converter_technology
review paper material technique vivo ph monitoring,2_material_paper_application_review
annual research review parenting child 's brain development end beginning,9_child_autism_parenting_de
review paper surface modification bioimplants role laser surface engineering,2_material_paper_application_review
application industry 4.0 technology manufacturing context systematic literature review,13_computing_cloud_thing_iot
supervised machine learning review classification technique,1_learning_algorithm_image_review
green supply-chain management state-of-the-art literature review,7_supply_chain_risk_management
review paper effect promoting patient access medical record review,0_review_qualitative_research_health
review paper handheld computing medicine,0_review_qualitative_research_health
review motion planning technique automated vehicle,1_learning_algorithm_image_review
explainable artificial intelligence analytical review,1_learning_algorithm_image_review
review recent advance research pm2.5 china,8_power_system_converter_technology
managing social-business tension review research agenda social enterprise,-1_research_review_paper_literature
review earnings management literature implication standard setting,5_financial_accounting_research_empirical
review paper coding system health care,0_review_qualitative_research_health
review paper psychology scientist evaluative review,-1_research_review_paper_literature
container terminal operation operation research classification literature review,-1_research_review_paper_literature
developing rigor qualitative research problem opportunity within sport exercise psychology,-1_research_review_paper_literature
internet thing iot literature review,13_computing_cloud_thing_iot
blockchain technology healthcare systematic review,-1_research_review_paper_literature
blockchain application supply chain transport logistics systematic review literature,-1_research_review_paper_literature
qualitative research methodology social science related subject,0_review_qualitative_research_health
undertaking scoping review practical guide nursing midwifery student clinician researcher academic,0_review_qualitative_research_health
supply chain risk management literature review,7_supply_chain_risk_management
review electrolyte material composition electrochemical supercapacitors,2_material_paper_application_review
transformer model text-based emotion detection review bert-based approach,1_learning_algorithm_image_review
self-concept consumer behavior critical review,10_consumer_food_organic_online
contact child out‐of‐home placement family friend network research review,9_child_autism_parenting_de
information system developing country critical research review,3_research_review_system_literature
speech recognition using deep neural network systematic review,1_learning_algorithm_image_review
review image segmentation technique,1_learning_algorithm_image_review
review recent research data-based process monitoring,-1_research_review_paper_literature
resource-based view information system research review extension suggestion future research,3_research_review_system_literature
multilevel inverter topology reduced device count review,8_power_system_converter_technology
research urban logistics systematic literature review,-1_research_review_paper_literature
internal crowdsourcing conceptual framework structured review research agenda,3_research_review_system_literature
review empirical research intellectual capital firm performance,-1_research_review_paper_literature
efficiency financial institution international survey direction future research,-1_research_review_paper_literature
applying grade-cerqual qualitative evidence synthesis findings—paper 2 make overall cerqual assessment confidence create summary qualitative finding table,-1_research_review_paper_literature
research paper identifying adverse drug event development computer-based monitor comparison chart review stimulated voluntary report,0_review_qualitative_research_health
digital transformation overview current state art research,-1_research_review_paper_literature
kind systematic review conduct proposed typology guidance systematic reviewer medical health science,0_review_qualitative_research_health
distributionally robust optimization review,1_learning_algorithm_image_review
distributed leadership organization review theory research,-1_research_review_paper_literature
scientific paper recommendation survey,-1_research_review_paper_literature
review false data injection attack modern power system,8_power_system_converter_technology
shoulder giant undertaking structured literature review accounting,-1_research_review_paper_literature
neural style transfer review,1_learning_algorithm_image_review
guided wave based structural health monitoring review,2_material_paper_application_review
multi-dimensional framework organizational innovation systematic review literature,6_strategic_organizational_research_dynamic
review research augmented reality education advantage application,-1_research_review_paper_literature
land use–transport interaction modeling review literature future research direction,-1_research_review_paper_literature
new dimension health care systematic review us benefit limitation social medium health communication,0_review_qualitative_research_health
literature review disruption recovery supply chain,7_supply_chain_risk_management
assessing `` neighborhood effect '' social process new direction research,-1_research_review_paper_literature
defect formation mechanism selective laser melting review,2_material_paper_application_review
bioeconomy review literature,-1_research_review_paper_literature
conducting systematic literature review operation management,0_review_qualitative_research_health
conducting research literature review internet paper,3_research_review_system_literature
consensus paper cerebellum emotion,-1_research_review_paper_literature
ten year review recent research job demand–control -support model psychological well-being,-1_research_review_paper_literature
realist review new method systematic review designed complex policy intervention,0_review_qualitative_research_health
systematic review blockchain,-1_research_review_paper_literature
psychological resilience review critique definition concept theory,-1_research_review_paper_literature
review unsupervised feature selection method,1_learning_algorithm_image_review
fear entrepreneurship review research agenda,-1_research_review_paper_literature
technology acceptance model literature review 1986 2013,-1_research_review_paper_literature
snowball sampling purposeful method sampling qualitative research,0_review_qualitative_research_health
theory sustainable supply chain management structured literature review,7_supply_chain_risk_management
summary review vibration-based damage identification method,2_material_paper_application_review
discrimination racial disparity health evidence needed research,0_review_qualitative_research_health
organizational resilience valuable construct management research,-1_research_review_paper_literature
servitization revisiting state-of-the-art research priority,-1_research_review_paper_literature
methodological review resilience measurement scale,-1_research_review_paper_literature
ncrm method review paper ncrm/005 mixed method research discussion paper,-1_research_review_paper_literature
review classification cloud computing research,-1_research_review_paper_literature
school-based mental health service research review,-1_research_review_paper_literature
advancing research hybrid organizing – insight study social enterprise,6_strategic_organizational_research_dynamic
enterprise risk management review critique research direction,5_financial_accounting_research_empirical
question culture distance learning research review,4_student_learning_teacher_teaching
cellulose nanofibrils challenge possibility paper additive coating material – review,2_material_paper_application_review
knowledge management knowledge management system conceptual foundation research issue,-1_research_review_paper_literature
meta-synthesis method qualitative research literature review,0_review_qualitative_research_health
thirty year prospect theory economics review assessment,-1_research_review_paper_literature
user involvement mi success review research,-1_research_review_paper_literature
auv navigation localization review,1_learning_algorithm_image_review
microfibrillated cellulose new nanocomposite material review,2_material_paper_application_review
review catalyst electroreduction carbon dioxide produce low-carbon fuel,2_material_paper_application_review
review abusive supervision research,-1_research_review_paper_literature
religion spirituality health research clinical implication,11_psychological_disorder_spiritual_depression
update transformative learning theory critical review empirical research 1999–2005,-1_research_review_paper_literature
reward positivity basic research reward biomarker depression,11_psychological_disorder_spiritual_depression
translation adaptation validation instrument scale use cross-cultural health care research clear user-friendly guideline,0_review_qualitative_research_health
review active filter power quality improvement,8_power_system_converter_technology
condition monitoring fault diagnosis electrical motor 8212 review,-1_research_review_paper_literature
review recent development field magnesium corrosion,2_material_paper_application_review
big data review,-1_research_review_paper_literature
hvdc circuit breaker review identifying future research need,8_power_system_converter_technology
disruption risk supply chain management literature review based bibliometric analysis,7_supply_chain_risk_management
research review young people leaving care,-1_research_review_paper_literature
consumer ethic research review synthesis suggestion future,-1_research_review_paper_literature
design kinematic modeling constant curvature continuum robot review,-1_research_review_paper_literature
nanostructured carbon-metal oxide composite electrode supercapacitors review,2_material_paper_application_review
educational data mining review state art,-1_research_review_paper_literature
soft manipulator grippers review,1_learning_algorithm_image_review
research review family group decision‐making promising practice need programme theory research,9_child_autism_parenting_de
employability review research prospect,-1_research_review_paper_literature
research phenomenon supply chain resilience,7_supply_chain_risk_management
qualitative research design,0_review_qualitative_research_health
teacher attitude towards integration inclusion review literature,4_student_learning_teacher_teaching
load modeling—a review,8_power_system_converter_technology
microstructures property high-entropy alloy film coating review,2_material_paper_application_review
gamification learning review issue research,4_student_learning_teacher_teaching
matrix converter technology review,8_power_system_converter_technology
system dynamic modelling supply chain management research review,7_supply_chain_risk_management
scenario business ethic research review critical assessment recommendation,-1_research_review_paper_literature
resilience review concept analysis,-1_research_review_paper_literature
efficiency education review literature way forward,-1_research_review_paper_literature
persuasiveness source credibility critical review five decade evidence,10_consumer_food_organic_online
benefit mindfulness practice review psychotherapy-related research,11_psychological_disorder_spiritual_depression
level-set method structural topology optimization review,1_learning_algorithm_image_review
evaporation research review interpretation,-1_research_review_paper_literature
construction supply chain modeling research review interdisciplinary research agenda,7_supply_chain_risk_management
mixed criticality system review,3_research_review_system_literature
modified tio2 environmental photocatalytic application review,2_material_paper_application_review
research perspective entrepreneurship education enterprise education education small business management ten-year literature review,6_strategic_organizational_research_dynamic
managerial information processing research review,3_research_review_system_literature
networking innovation systematic review evidence,6_strategic_organizational_research_dynamic
enthusiastic teaching research review,4_student_learning_teacher_teaching
servitization manufacturing review literature reflection future challenge,-1_research_review_paper_literature
effectiveness low impact development practice literature review suggestion future research,3_research_review_system_literature
review solid-state transformer technology application power distribution system,8_power_system_converter_technology
standing shoulder giant challenge recommendation literature search information system research,3_research_review_system_literature
image inpainting review,1_learning_algorithm_image_review
industrial robotic machining review,-1_research_review_paper_literature
introduction docker reproducible research,12_scheduling_production_problem_time
review wetland remote sensing,1_learning_algorithm_image_review
feasibility paper mulch crop production review,2_material_paper_application_review
cluster internet thing social network review research challenge,13_computing_cloud_thing_iot
mechanism managing ambidexterity review research agenda,6_strategic_organizational_research_dynamic
virtual reality tourism state-of-the-art review,-1_research_review_paper_literature
bat algorithm literature review application,1_learning_algorithm_image_review
fertility advanced society review research,9_child_autism_parenting_de
guide writing qualitative systematic review protocol enhance evidence-based practice nursing health care,0_review_qualitative_research_health
review graphene graphene oxide sponge material synthesis application energy environment,2_material_paper_application_review
use logit probit model strategic management research critical issue,-1_research_review_paper_literature
scientometrics review aggregation operator research,3_research_review_system_literature
supply chain finance literature review,7_supply_chain_risk_management
critical review labor productivity research construction journal,12_scheduling_production_problem_time
review twenty year servqual research,-1_research_review_paper_literature
learning teaching programming review discussion,4_student_learning_teacher_teaching
classification imbalanced data review,1_learning_algorithm_image_review
review research school field trip value education,4_student_learning_teacher_teaching
sustainable development smart city systematic review literature,-1_research_review_paper_literature
review online course dropout research implication practice future research,4_student_learning_teacher_teaching
men health help-seeking behaviour literature review,0_review_qualitative_research_health
paper-based analytical device environmental analysis,2_material_paper_application_review
literature review humanitarian logistics research trend challenge,7_supply_chain_risk_management
wearable flexible sensor review,2_material_paper_application_review
wearable flexible sensor review,2_material_paper_application_review
corporate political activity literature review research agenda,-1_research_review_paper_literature
thematic analysis critical review process evaluation,3_research_review_system_literature
theory value co-creation systematic literature review,-1_research_review_paper_literature
strategic flexibility review literature,6_strategic_organizational_research_dynamic
lean production literature review trend,-1_research_review_paper_literature
international entrepreneurial orientation conceptual consideration research theme measurement issue future research direction,6_strategic_organizational_research_dynamic
green innovation technology innovation management – exploratory literature review,-1_research_review_paper_literature
parasocial interaction review literature model future research,-1_research_review_paper_literature
crowdfunding literature review research direction,5_financial_accounting_research_empirical
quantum walk comprehensive review,1_learning_algorithm_image_review
empirical research transaction cost economics review assessment,5_financial_accounting_research_empirical
cloud migration research systematic review,13_computing_cloud_thing_iot
action research operation management,3_research_review_system_literature
understanding home critical review literature,0_review_qualitative_research_health
paper-based sensor assay success engineering design convergence knowledge area,2_material_paper_application_review
citation count measure review study citing behavior,3_research_review_system_literature
research approach mobile use developing world review literature,-1_research_review_paper_literature
performance analysis football critical review implication future research,-1_research_review_paper_literature
error control concealment video communication review,1_learning_algorithm_image_review
many qualitative interview enough expert voice early career reflection sampling case qualitative research,0_review_qualitative_research_health
intellectual capital literature review measurement reporting management,-1_research_review_paper_literature
review current practice evaluating causal model organizational behavior human resource management research,-1_research_review_paper_literature
speaker diarization review recent research,1_learning_algorithm_image_review
review article case grammar correction l2 writing class,4_student_learning_teacher_teaching
interviewing data collection method critical review,0_review_qualitative_research_health
toward flexible polymer paper‐based energy storage device,2_material_paper_application_review
internet thing industry survey,-1_research_review_paper_literature
powering mem portable devices—a review non-regenerative regenerative power supply system special emphasis piezoelectric energy harvesting system,2_material_paper_application_review
understanding participation sport physical activity among child adult review qualitative study,-1_research_review_paper_literature
corporate sustainability performance firm performance research literature review future research agenda,-1_research_review_paper_literature
big data supply chain management review bibliometric analysis,-1_research_review_paper_literature
using content analysis research method inquire intellectual capital reporting,5_financial_accounting_research_empirical
review surrogate modeling water resource,-1_research_review_paper_literature
elaboration likelihood model review critique research agenda,-1_research_review_paper_literature
determinant export performance review research literature 1998 2005,-1_research_review_paper_literature
on-road vehicle detection review,1_learning_algorithm_image_review
review particle swarm optimization,1_learning_algorithm_image_review
strategic management innovation systematic review path future research,6_strategic_organizational_research_dynamic
taking stock temporary organizational form systematic review research agenda,6_strategic_organizational_research_dynamic
phytoextraction toxic metal review biological mechanism,2_material_paper_application_review
culture international business recent advance implication future research,-1_research_review_paper_literature
review reconceptualization organizational commitment,-1_research_review_paper_literature
revisiting quantitative-qualitative debate implication mixed-methods research,0_review_qualitative_research_health
supply chain management structured literature review implication future research,7_supply_chain_risk_management
review single-phase improved power quality ac-dc converter,8_power_system_converter_technology
review accelerometry-based wearable motion detector physical activity monitoring,2_material_paper_application_review
drive consumer shop online literature review,10_consumer_food_organic_online
trend augmented reality tracking interaction display review ten year ismar,-1_research_review_paper_literature
review current international research cellulosic fibre composite,2_material_paper_application_review
electronic hrm four decade research adoption consequence,-1_research_review_paper_literature
economic consequence financial reporting disclosure regulation review suggestion future research,5_financial_accounting_research_empirical
entrepreneurial competency literature review development agenda,6_strategic_organizational_research_dynamic
systematic review software development cost estimation study,3_research_review_system_literature
performance measurement system smes review research agenda,-1_research_review_paper_literature
adherence internet intervention anxiety depression systematic review,0_review_qualitative_research_health
feature selection literature review,1_learning_algorithm_image_review
review conceptual framework prestige-seeking consumer behavior,10_consumer_food_organic_online
leadership learning lesson 40 year empirical research,-1_research_review_paper_literature
review transformational school leadership research 1996–2005,-1_research_review_paper_literature
review delay-discounting research human relation drug use gambling,-1_research_review_paper_literature
bibliometric monitoring research performance social science humanity review,3_research_review_system_literature
innovation service review debate research agenda,-1_research_review_paper_literature
review empirical capital structure research direction future,5_financial_accounting_research_empirical
raspberry pi-a small powerful cost effective efficient form factor computer review,1_learning_algorithm_image_review
review three-phase improved power quality ac-dc converter,8_power_system_converter_technology
city branding state‐of‐the‐art review research domain,-1_research_review_paper_literature
service quality model review,-1_research_review_paper_literature
decade supply chain collaboration direction future research,7_supply_chain_risk_management
raman spectroscopy biological tissue,2_material_paper_application_review
sociology chronic illness review research prospect,0_review_qualitative_research_health
multisensor image fusion remote sensing concept method application,1_learning_algorithm_image_review
evolutionary many-objective optimization short review,1_learning_algorithm_image_review
meta-analysis medical research,0_review_qualitative_research_health
foot plantar pressure measurement system review,2_material_paper_application_review
translation back-translation qualitative nursing research methodological review,0_review_qualitative_research_health
macroprudential policy – literature review,5_financial_accounting_research_empirical
review smart homes—past present future,-1_research_review_paper_literature
motivation reopening research agenda,4_student_learning_teacher_teaching
identity research mathematics education,4_student_learning_teacher_teaching
outpatient scheduling health care review literature,0_review_qualitative_research_health
use partial least square path modeling international marketing,10_consumer_food_organic_online
user acceptance information technology toward unified view,-1_research_review_paper_literature
inventory measuring depression,11_psychological_disorder_spiritual_depression
proximity inter-organizational collaboration literature review,-1_research_review_paper_literature
mining data stream review,1_learning_algorithm_image_review
comprehensive survey data mining-based fraud detection research,1_learning_algorithm_image_review
movie review mining summarization,-1_research_review_paper_literature
multilevel analysis public health research,0_review_qualitative_research_health
entrepreneurship research network process review way forward,6_strategic_organizational_research_dynamic
recent advance industrial application multilevel converter,8_power_system_converter_technology
succession family business review research,-1_research_review_paper_literature
cellulose-based bio- nanocomposites review,2_material_paper_application_review
relationship quality critical literature review research agenda,-1_research_review_paper_literature
one-class classification taxonomy study review technique,1_learning_algorithm_image_review
conceptual issue local adaptation,-1_research_review_paper_literature
physical activity public health recommendation center disease control prevention american college sport medicine,-1_research_review_paper_literature
guided search 2.0 revised model visual search,1_learning_algorithm_image_review
updated methodological guidance conduct scoping review,0_review_qualitative_research_health
essay fiscal federalism,5_financial_accounting_research_empirical
face recognition literature survey,1_learning_algorithm_image_review
top 10 algorithm data mining,1_learning_algorithm_image_review
domain adaptation large-scale sentiment classification deep learning approach,1_learning_algorithm_image_review
environmental policy innovation decade research,-1_research_review_paper_literature
evaluating contribution interpretative phenomenological analysis,0_review_qualitative_research_health
“ data already public ” ethic research facebook,-1_research_review_paper_literature
executive function developmental psychopathology,9_child_autism_parenting_de
overview recent progress study distributed multi-agent coordination,1_learning_algorithm_image_review
unified theory acceptance use technology synthesis road ahead,-1_research_review_paper_literature
past present future simultaneous localization mapping toward robust-perception age,1_learning_algorithm_image_review
topology optimization approach,1_learning_algorithm_image_review
knowledge exchange review research agenda environmental management,-1_research_review_paper_literature
neural network review statistical perspective,1_learning_algorithm_image_review
internationalization chinese firm critical review future research,-1_research_review_paper_literature
research mobile cloud computing review trend perspective,13_computing_cloud_thing_iot
measuring woman ’ empowerment critical review current practice recommendation researcher,0_review_qualitative_research_health
advance fruit aroma volatile research,2_material_paper_application_review
evolution performance measurement research development last decade research agenda next,3_research_review_system_literature
serpent monte carlo code status development application 2013,-1_research_review_paper_literature
identifying treating unobserved heterogeneity fimix-pls part – method,-1_research_review_paper_literature
reservoir management operation model state‐of‐the‐art review,-1_research_review_paper_literature
reconstructing giant importance rigour documenting literature search process,3_research_review_system_literature
understanding concept supply chain resilience,7_supply_chain_risk_management
sustainable supply chain management evolution future direction,7_supply_chain_risk_management
affective continuance normative commitment organization examination construct validity,-1_research_review_paper_literature
state-of-the-art product-service system,-1_research_review_paper_literature
capital-market imperfection investment,5_financial_accounting_research_empirical
digital twin industry state-of-the-art,-1_research_review_paper_literature
multiple imputation chained equation work,0_review_qualitative_research_health
adaptive hypermedia,3_research_review_system_literature
method technique adaptive hypermedia,3_research_review_system_literature
stakeholder mismatching theoretical problem empirical research corporate social performance,-1_research_review_paper_literature
great psychotherapy debate,11_psychological_disorder_spiritual_depression
eye beholder survey model eye gaze,1_learning_algorithm_image_review
emotion recognition speech review,1_learning_algorithm_image_review
knowledge management smes literature review,-1_research_review_paper_literature
principled missing data method researcher,0_review_qualitative_research_health
comparative study maximum power point tracking technique photovoltaic power system,8_power_system_converter_technology
comprehensive review graphene nanocomposites research status trend,2_material_paper_application_review
product family design platform-based product development state-of-the-art review,-1_research_review_paper_literature
evolving artificial neural network,1_learning_algorithm_image_review
stability stabilizability switched linear system survey recent result,8_power_system_converter_technology
bibliometric study research collaboration review,3_research_review_system_literature
perceptrons,1_learning_algorithm_image_review
systematic review kinect application elderly care stroke rehabilitation,-1_research_review_paper_literature
systematic literature review lean six sigma different industry,-1_research_review_paper_literature
likert scale explored explained,0_review_qualitative_research_health
biology wolbachia,2_material_paper_application_review
survey technique internet traffic classification using machine learning,1_learning_algorithm_image_review
research alliance knowledge search theory,-1_research_review_paper_literature
realist synthesis illustrating method implementation research,0_review_qualitative_research_health
physiological health implication sedentary lifestyle,-1_research_review_paper_literature
review rubric use higher education,4_student_learning_teacher_teaching
mobile data challenge big data mobile computing research,13_computing_cloud_thing_iot
intervention facilitate social interaction young child autism review available research recommendation educational intervention future research,9_child_autism_parenting_de
dawning age robot hospitality tourism challenge teaching research,1_learning_algorithm_image_review
multi-objective particle swarm optimizers survey state-of-the-art,1_learning_algorithm_image_review
designing conceptual article four approach,6_strategic_organizational_research_dynamic
role child design new technology,9_child_autism_parenting_de
modelling extremal event insurance finance,5_financial_accounting_research_empirical
model mindful parenting implication parent–child relationship prevention research,9_child_autism_parenting_de
review aqueous electrochemical supercapacitors,2_material_paper_application_review
assessing bank efficiency performance operational research artificial intelligence technique survey,-1_research_review_paper_literature
human resource management performance still searching answer,-1_research_review_paper_literature
reliability capacitor dc-link application power electronic converters—an overview,8_power_system_converter_technology
review antenna propagation mimo wireless communication,-1_research_review_paper_literature
corruption review,5_financial_accounting_research_empirical
review humor educational setting four decade research,4_student_learning_teacher_teaching
finite-dimensional variational inequality nonlinear complementarity problem survey theory algorithm application,1_learning_algorithm_image_review
review article method fault detection diagnostics prognostic building systems—a review part,8_power_system_converter_technology
canadian occupational performance measure research clinical literature review,-1_research_review_paper_literature
recent advance research carbon nanotube–polymer composite,2_material_paper_application_review
situational interest review literature direction future research,3_research_review_system_literature
humanitarian logistics disaster relief operation,7_supply_chain_risk_management
qualitative research method grounded theory,0_review_qualitative_research_health
internationalisation smaller firm review contemporary empirical research1,-1_research_review_paper_literature
effectiveness problem‐based learning curriculum research theory,4_student_learning_teacher_teaching
multilevel multifaceted character computer self-efficacy toward clarification construct integrative framework research,-1_research_review_paper_literature
effect optimism psychological physical well-being theoretical overview empirical update,-1_research_review_paper_literature
decision tree recent overview,1_learning_algorithm_image_review
experimental research financial accounting,5_financial_accounting_research_empirical
retrospective chart review important methodological consideration,0_review_qualitative_research_health
stem cell past present future,2_material_paper_application_review
critical look use sem international business research,-1_research_review_paper_literature
delphi technique worthwhile research approach nursing,0_review_qualitative_research_health
framing framework review governance research,5_financial_accounting_research_empirical
fostering knowledge sharing people management practice,-1_research_review_paper_literature
high school dropout review issue evidence,4_student_learning_teacher_teaching
board director family business literature review research agenda,-1_research_review_paper_literature
ecological validity neuropsychological test review literature everyday cognitive skill,-1_research_review_paper_literature
sustainable purchasing supply management structured literature review definition measure dyad chain network level,7_supply_chain_risk_management
postgraduate research supervision critical review current practice,-1_research_review_paper_literature
fintech banking know,-1_research_review_paper_literature
strategy-as-practice,0_review_qualitative_research_health
instrument obtaining student feedback review literature,4_student_learning_teacher_teaching
moocs systematic study published literature 2008-2012,4_student_learning_teacher_teaching
reviewing decade research “ base/bottom pyramid ” bop concept,6_strategic_organizational_research_dynamic
many qualitative interview enough,0_review_qualitative_research_health
european position paper endoscopic management tumour nose paranasal sinus skull base,1_learning_algorithm_image_review
image filtering algorithm technique review,1_learning_algorithm_image_review
giddens 's structuration theory information system research,3_research_review_system_literature
form-focussed instruction second language acquisition review classroom laboratory research,4_student_learning_teacher_teaching
estimating causal effect social capital review recent research,-1_research_review_paper_literature
external relationship small business review small business alliance network research,6_strategic_organizational_research_dynamic
sequencing scheduling algorithm complexity,12_scheduling_production_problem_time
review operation research mine planning,12_scheduling_production_problem_time
worklife diversity intersectionality critical review research agenda,-1_research_review_paper_literature
performance measurement management literature review research agenda,-1_research_review_paper_literature
evaluating inductive v deductive research management study,0_review_qualitative_research_health
research presence virtual reality survey,-1_research_review_paper_literature
stability criterion switched hybrid system,8_power_system_converter_technology
gas separation membrane material perspective,2_material_paper_application_review
social skill intervention child asperger ’ syndrome high-functioning autism review recommendation,9_child_autism_parenting_de
integrated production outbound distribution scheduling review extension,12_scheduling_production_problem_time
woman mentoring review research agenda,-1_research_review_paper_literature
tacit knowledge review possible research direction,-1_research_review_paper_literature
persuasive technology persuade review empirical study,-1_research_review_paper_literature
psychological distress refugee child systematic review,9_child_autism_parenting_de
critical review executive coaching research decade progress 's come,-1_research_review_paper_literature
model literature review professional skepticism auditing,5_financial_accounting_research_empirical
religious spiritual factor depression review integration research,11_psychological_disorder_spiritual_depression
survey reliability power electronic system,8_power_system_converter_technology
servitization manufacturing systematic literature review interdependent trend,-1_research_review_paper_literature
modeling analysis functionally graded material structure,2_material_paper_application_review
iso 9001 iso 14001 towards research agenda management system standard,-1_research_review_paper_literature
using knowledge within small medium-sized firm systematic review evidence,6_strategic_organizational_research_dynamic
clustering algorithm biomedical research review,1_learning_algorithm_image_review
supply chain risk review typology,7_supply_chain_risk_management
management earnings forecast review framework,5_financial_accounting_research_empirical
perishable inventory theory review,7_supply_chain_risk_management
review research work sinking edm wedm metal matrix composite material,2_material_paper_application_review
review breast tomosynthesis part i. image acquisition process,1_learning_algorithm_image_review
market-based multirobot coordination survey analysis,1_learning_algorithm_image_review
university competitive global marketplace,10_consumer_food_organic_online
agent-based simulation innovation diffusion review,-1_research_review_paper_literature
tolerance ambiguity review recent literature,-1_research_review_paper_literature
father attachment theory research review,9_child_autism_parenting_de
improving construct measurement management research comment quantitative approach assessing theoretical content adequacy paper-and-pencil survey-type instrument,-1_research_review_paper_literature
game-theoretic analysis cooperation among supply chain agent review extension,7_supply_chain_risk_management
vision sustainability bioeconomy research,-1_research_review_paper_literature
review social medium implication sale process,-1_research_review_paper_literature
minimally verbal school‐aged child autism spectrum disorder neglected end spectrum,9_child_autism_parenting_de
latent variable psychology social science,-1_research_review_paper_literature
general/academic self-concept nomological network review construct validation research,-1_research_review_paper_literature
spinouts academic institution literature review suggestion research,3_research_review_system_literature
lot sizing random yield review,12_scheduling_production_problem_time
enterprise resource planning integrative review,3_research_review_system_literature
research direction requirement engineering,3_research_review_system_literature
discretionary disclosure strategy corporate narrative incremental information impression management,5_financial_accounting_research_empirical
critical review cloud computing researching desire reality,13_computing_cloud_thing_iot
online prevention aimed lifestyle behavior systematic review review,0_review_qualitative_research_health
review impulse buying behavior,10_consumer_food_organic_online
inkjet printing conductive material review,2_material_paper_application_review
relief distribution network systematic review,-1_research_review_paper_literature
phytoestrogens review present state research,2_material_paper_application_review
listening involving young child review research practice,9_child_autism_parenting_de
peer review changing world international study measuring attitude researcher,-1_research_review_paper_literature
investigating design review forty year design research,3_research_review_system_literature
social medium analytics survey technique tool platform,-1_research_review_paper_literature
reconfigurable manufacturing system key future manufacturing,-1_research_review_paper_literature
methodology conducting retrospective chart review research child adolescent psychiatry,9_child_autism_parenting_de
sustainable competitive advantage service industry conceptual model research,-1_research_review_paper_literature
review mobile hci research method,-1_research_review_paper_literature
time space narrative review research organizational space,-1_research_review_paper_literature
flexible multibody dynamic review past recent development,2_material_paper_application_review
textual analysis corporate disclosure survey literature,5_financial_accounting_research_empirical
research ethic education community-engaged research review research agenda,0_review_qualitative_research_health
paper aging degradation recent finding research method,2_material_paper_application_review
survey paper review empty flow fleet management model freight transportation,-1_research_review_paper_literature
comprehensive survey evolutionary-based multiobjective optimization technique,1_learning_algorithm_image_review
tacit knowledge innovation economic geography,-1_research_review_paper_literature
image registration method survey,1_learning_algorithm_image_review
overview interpretive phenomenology research methodology,0_review_qualitative_research_health
learning think like physicist review research‐based instructional strategy,4_student_learning_teacher_teaching
comparative study risk perception review twenty year research,7_supply_chain_risk_management
paper ’ resistance wetting – review internal sizing chemical effect,2_material_paper_application_review
fabrication property carbon fiber,2_material_paper_application_review
comprehensive literature review statistical consideration microarray meta-analysis,0_review_qualitative_research_health
managing product variety integrative review research direction,-1_research_review_paper_literature
customer behavior modeling revenue management auction review new research opportunity,-1_research_review_paper_literature
methodology business ethic research review critical assessment,-1_research_review_paper_literature
wheat chaff meta-analysis quantitative literature review response,-1_research_review_paper_literature
effectiveness problem‐based learning curriculum theory practice paper dart,4_student_learning_teacher_teaching
review paper,-1_research_review_paper_literature
paucity multimethod research review information system literature,3_research_review_system_literature
review automated detection diabetes retinopathy using fundus image,1_learning_algorithm_image_review
critical thinking education review,4_student_learning_teacher_teaching
review psychophysiological method game research,-1_research_review_paper_literature
integrative review nursing research,0_review_qualitative_research_health
putting process back research internationalization process firm,-1_research_review_paper_literature
survey machine scheduling problem blocking no-wait process,12_scheduling_production_problem_time
textbook research mathematics education development status direction,4_student_learning_teacher_teaching
nber working paper series consequence financial innovation counterfactual research agenda,5_financial_accounting_research_empirical
review relationship thermally-accelerated ageing paper hornification,2_material_paper_application_review
physical activity older adult review health benefit effectiveness intervention,-1_research_review_paper_literature
gradual internationalization v born-global/international new venture model,-1_research_review_paper_literature
nber working paper series technological innovation resource allocation growth thank hal varian helping u extracting information patent google patent database grateful,5_financial_accounting_research_empirical
viewing systematic review meta-analysis social research different lens,0_review_qualitative_research_health
machine learning sequential data review,1_learning_algorithm_image_review
corporate governance mosaic financial reporting quality,5_financial_accounting_research_empirical
review distance education research 2000 2008 analysis research area method authorship pattern,4_student_learning_teacher_teaching
consumer ethnocentrism integrative review antecedent consequence,10_consumer_food_organic_online
conceptual framework systematic review research educational leadership management,-1_research_review_paper_literature
advancing nonmarket strategy research institutional perspective changing world,-1_research_review_paper_literature
housing public health,0_review_qualitative_research_health
student question potential resource teaching learning science,4_student_learning_teacher_teaching
crime prevention environmental design cpted review modern bibliography,-1_research_review_paper_literature
writing literature review,4_student_learning_teacher_teaching
learning literature collegiate cheating review empirical research,4_student_learning_teacher_teaching
integrative review employer branding ob theory,-1_research_review_paper_literature
exploring forest–poverty link key concept issue research implication,-1_research_review_paper_literature
coherence time delay estimation,1_learning_algorithm_image_review
sustainability accounting reporting fad trend,5_financial_accounting_research_empirical
review image segmentation technique survey,1_learning_algorithm_image_review
forecasting operational research review,-1_research_review_paper_literature
herding financial market review literature,5_financial_accounting_research_empirical
role laboratory science teaching neglected aspect research,4_student_learning_teacher_teaching
six sigma literature review agenda future research,-1_research_review_paper_literature
application vignette social nursing research,0_review_qualitative_research_health
distance education research review literature,4_student_learning_teacher_teaching
physical exercise psychological well critical review,11_psychological_disorder_spiritual_depression
individual difference mi success review empirical literature,-1_research_review_paper_literature
case-based reasoning review,3_research_review_system_literature
critical review online consumer behavior empirical research,10_consumer_food_organic_online
perceptual research general deterrence critical review,-1_research_review_paper_literature
pairwise comparison matrix multiple criterion decision making,-1_research_review_paper_literature
review handwriting research progress prospect 1980 1994,1_learning_algorithm_image_review
comprehensive review tolerancing research,-1_research_review_paper_literature
review method missing data,0_review_qualitative_research_health
assessing demonstrating data saturation qualitative inquiry supporting patient-reported outcome research,0_review_qualitative_research_health
foxing paper literature review,2_material_paper_application_review
maintenance management literature review direction,12_scheduling_production_problem_time
spiritual coping strategy review nursing research literature,11_psychological_disorder_spiritual_depression
service quality higher education – review research agenda,-1_research_review_paper_literature
improving incentive unemployment insurance review recent research,-1_research_review_paper_literature
organizational citizenship review proposed model research agenda,-1_research_review_paper_literature
focus group methodology review,3_research_review_system_literature
synthesizing qualitative research review published report,0_review_qualitative_research_health
studying research collaboration literature review,3_research_review_system_literature
review neurobehavioral deficit child fetal alcohol syndrome prenatal exposure alcohol,9_child_autism_parenting_de
research paper us patient internet portal patientsite experience,0_review_qualitative_research_health
mems-micropumps review,2_material_paper_application_review
personality make difference,10_consumer_food_organic_online
small‐world network management science research review,6_strategic_organizational_research_dynamic
board director smes review research agenda,-1_research_review_paper_literature
zno nanorods synthesis characterization application,2_material_paper_application_review
ownership control access possession ocap self-determination applied research critical analysis contemporary first nation research option first nation community,5_financial_accounting_research_empirical
review critical assessment research marketing environment,-1_research_review_paper_literature
applying extinction research theory cue-exposure addiction treatment,-1_research_review_paper_literature
making leader review research leadership development education,-1_research_review_paper_literature
review recent advance global optimization,1_learning_algorithm_image_review
problem behavior intervention young child autism research synthesis,9_child_autism_parenting_de
emotion detection using facial expression -a review,1_learning_algorithm_image_review
state-of-the-art research lower-limb prosthetic biomechanics-socket interface review,2_material_paper_application_review
analysis e-service literature towards research agenda,-1_research_review_paper_literature
speech recognition machine review,1_learning_algorithm_image_review
chronicle wasted time personal reflection current state future prospect social environmental accounting research,-1_research_review_paper_literature
delirium superimposed dementia systematic review,0_review_qualitative_research_health
vision-based gesture recognition review,1_learning_algorithm_image_review
gender difference emotional development review theory research,9_child_autism_parenting_de
evolutionary artificial neural network review,1_learning_algorithm_image_review
physical environment school review research,-1_research_review_paper_literature
problem unobservables strategic management research,-1_research_review_paper_literature
extensive review research swarm robotics,1_learning_algorithm_image_review
generative design paradigm design research,-1_research_review_paper_literature
actor-network theory research current status future prospect,6_strategic_organizational_research_dynamic
auditing research review across disciplinary divide,-1_research_review_paper_literature
review literature case study research,3_research_review_system_literature
interviewee transcript review assessing impact qualitative research,0_review_qualitative_research_health
operation research inventory management review critique,7_supply_chain_risk_management
teamworking organizational performance review survey-based research,6_strategic_organizational_research_dynamic
research paper technology implementation workarounds nursing home,0_review_qualitative_research_health
strategic group theory research taxonomy,6_strategic_organizational_research_dynamic
violence family review research seventy,-1_research_review_paper_literature
biomaterials cardiovascular research application clinical implication,2_material_paper_application_review
addressing gap scheduling research review optimization heuristic method production scheduling,12_scheduling_production_problem_time
gender identity consumer behavior research literature review research agenda,10_consumer_food_organic_online
overview continuous improvement past present,-1_research_review_paper_literature
loneliness research intervention review literature,0_review_qualitative_research_health
time revival public policy implementation review literature agenda future research,3_research_review_system_literature
impact sharing production information supply chain dynamic review literature,7_supply_chain_risk_management
representation legitimation autoethnography autoethnographic writing story,0_review_qualitative_research_health
charles a. dice center research financial economics state corporate governance research,5_financial_accounting_research_empirical
multicriteria evaluation urban regional planning,-1_research_review_paper_literature
typological approach child family psychology review theory method research,9_child_autism_parenting_de
public sector public service 20 year 'contextual accounting research,5_financial_accounting_research_empirical
product cost estimation technique classification methodology review,-1_research_review_paper_literature
price dispersion internet review direction future research,-1_research_review_paper_literature
punishment organization review proposition research suggestion,-1_research_review_paper_literature
reviewing review research educational leadership,-1_research_review_paper_literature
neurobiological correlate autism review recent research,9_child_autism_parenting_de
new development use citation analysis research evaluation,3_research_review_system_literature
wellbeing health geography critical review research agenda,-1_research_review_paper_literature
bilevel multilevel programming bibliography review,-1_research_review_paper_literature
institution british property research review,-1_research_review_paper_literature
note structured programming,-1_research_review_paper_literature
overview research revenue management current issue future research,-1_research_review_paper_literature
order review/release research issue perspective,12_scheduling_production_problem_time
implementing performance measurement system literature review,-1_research_review_paper_literature
ecosystem approach fishery issue terminology principle institutional foundation implementation outlook,-1_research_review_paper_literature
institution british property research review,-1_research_review_paper_literature
note structured programming,-1_research_review_paper_literature
overview research revenue management current issue future research,-1_research_review_paper_literature
order review/release research issue perspective,12_scheduling_production_problem_time
implementing performance measurement system literature review,-1_research_review_paper_literature
ecosystem approach fishery issue terminology principle institutional foundation implementation outlook,-1_research_review_paper_literature
relationship work nonwork domain review empirical research,-1_research_review_paper_literature
weight restriction value judgement data envelopment analysis evolution development future direction,-1_research_review_paper_literature
ecological validity jury simulation jury still,-1_research_review_paper_literature
review maglev train technology,8_power_system_converter_technology
review flowshop scheduling research setup time,12_scheduling_production_problem_time
level fusion multimodal biometrics review,1_learning_algorithm_image_review
nber working paper series subjective well-being income evidence satiation,-1_research_review_paper_literature
iso 9001 certification research question answer approach,-1_research_review_paper_literature
methodology review clustering method,1_learning_algorithm_image_review
scheduling time dependent processing time review extension,12_scheduling_production_problem_time
activity‐based approach travel analysis conceptual framework model research problem,-1_research_review_paper_literature
barrier providing effective mental health service asian american,-1_research_review_paper_literature
update review saffron active constituent,2_material_paper_application_review
l2 word recognition research critical review,4_student_learning_teacher_teaching
phenomenological characteristic attentional bias towards threat critical review,-1_research_review_paper_literature
methodological issue population‐based research dementia developing country position paper 10/66 dementia research group,-1_research_review_paper_literature
face recognition literature review,1_learning_algorithm_image_review
ethical issue trauma-related research review,0_review_qualitative_research_health
internationalization strategy process,-1_research_review_paper_literature
review astronomy education research,4_student_learning_teacher_teaching
herd behavior financial market review,5_financial_accounting_research_empirical
image compression using vector quantization algorithm review,1_learning_algorithm_image_review
technology acceptance meta‐analysis tam part 1,-1_research_review_paper_literature
product reuse economics closed‐loop supply chain research,-1_research_review_paper_literature
understanding volunteer market volunteering,-1_research_review_paper_literature
worked example alternative method synthesis qualitative quantitative research systematic review,-1_research_review_paper_literature
question answer reviewing organizational learning research,6_strategic_organizational_research_dynamic
research methodology `` public administration review '' 1975-1984,3_research_review_system_literature
research paper auditing unified medical language system semantic method,0_review_qualitative_research_health
role culture health communication,-1_research_review_paper_literature
review production planning scheduling model semiconductor industry part system characteristic performance evaluation production planning,12_scheduling_production_problem_time
grounded theory research literature reviewing reflexivity,0_review_qualitative_research_health
coopetition introduction subject agenda research,6_strategic_organizational_research_dynamic
affective computing review,1_learning_algorithm_image_review
review structure selection interview,0_review_qualitative_research_health
home advantage sport competition literature review,-1_research_review_paper_literature
formation control review new consideration,1_learning_algorithm_image_review
text summarisation progress literature review,3_research_review_system_literature
research core framework sustainability science,5_financial_accounting_research_empirical
exploratory practice rethinking practitioner research language teaching,4_student_learning_teacher_teaching
strategic alliance model collaboration,6_strategic_organizational_research_dynamic
risk supply chain management creating research agenda,7_supply_chain_risk_management
stress higher education student critical review literature,4_student_learning_teacher_teaching
strengthening financial reporting system audit committee deliver,5_financial_accounting_research_empirical
evaluating return agricultural research review,-1_research_review_paper_literature
fingerprint classification review,1_learning_algorithm_image_review
common optimization interface operation research promoting open-source software operation research community,3_research_review_system_literature
cross-country empirical study systemic bank distress survey,5_financial_accounting_research_empirical
research framework analysing ebusiness model,-1_research_review_paper_literature
effect actor‐network theory accounting research,5_financial_accounting_research_empirical
online survey tool ethical methodological concern human research ethic committee,-1_research_review_paper_literature
organizational identification conceptual operational review,-1_research_review_paper_literature
u-curve adjustment hypothesis revisited review theoretical framework,-1_research_review_paper_literature
modeling traffic crowd survey model speculation perspective,-1_research_review_paper_literature
technology support collaborative learning,4_student_learning_teacher_teaching
consumer self-concept symbolism market behavior theoretical approach,10_consumer_food_organic_online
aim process research paper,4_student_learning_teacher_teaching
review recent advance future direction quantitative literature civil war,3_research_review_system_literature
physic paper,2_material_paper_application_review
critical review annotated bibliography heat exchanger network synthesis 20th century,-1_research_review_paper_literature
importance peer influence adolescent drug use commonly neglected consideration,11_psychological_disorder_spiritual_depression
robust portfolio contribution operation research finance,5_financial_accounting_research_empirical
global leadership competency review discussion,-1_research_review_paper_literature
benefit napping healthy adult impact nap length time day age experience napping,0_review_qualitative_research_health
mssd discussion paper 57 market structural study division agriculture diversification south asia pattern determinant policy implication,-1_research_review_paper_literature
framework research computer-based management information system,3_research_review_system_literature
recovery disaster achieving sustainable development mitigation equity,7_supply_chain_risk_management
relationship urban form travel pattern international review evaluation,-1_research_review_paper_literature
process feature extraction automatic speech recognition system computer machine interaction human review,1_learning_algorithm_image_review
writing literature review,4_student_learning_teacher_teaching
review estimating animal abundance,-1_research_review_paper_literature
summary review literature relating workplace bullying,-1_research_review_paper_literature
overview recent progress lightning research lightning protection,8_power_system_converter_technology
content analysis research approach logistics research,7_supply_chain_risk_management
literature review,3_research_review_system_literature
internal audit independence objectivity emerging research opportunity,5_financial_accounting_research_empirical
higher education research development society australasia,4_student_learning_teacher_teaching
state-of-the-art method result tool condition monitoring review,-1_research_review_paper_literature
spiritual care nursing overview research date,11_psychological_disorder_spiritual_depression
current research profile monitoring,-1_research_review_paper_literature
reproducible research biostatistics,-1_research_review_paper_literature
literature review use gis-based measure access health care service,0_review_qualitative_research_health
review maglev train technology,8_power_system_converter_technology
review production planning scheduling model semiconductor industry,12_scheduling_production_problem_time
review classification heuristic permutation flow-shop scheduling makespan objective,12_scheduling_production_problem_time
definition review virtual prototyping,-1_research_review_paper_literature
delphi method health research,0_review_qualitative_research_health
entrepreneurship field research encouraging dialogue debate,6_strategic_organizational_research_dynamic
ibm experiment soft fails computer electronics 1978-1994,-1_research_review_paper_literature
leisure constraints∗ survey past research,-1_research_review_paper_literature
arf copy research validity project,10_consumer_food_organic_online
ethic research related healthcare developing country,-1_research_review_paper_literature
memory factor consumer choice review,10_consumer_food_organic_online
psychosocial behavioral aspect bariatric surgery,11_psychological_disorder_spiritual_depression
building structural concept chemistry consideration educational research,4_student_learning_teacher_teaching
status research teleworking agenda future research,-1_research_review_paper_literature
promoting access white rose research paper maximum common subgraph isomorphism algorithm matching chemical structure,1_learning_algorithm_image_review
spatial modeling environmental public health research,-1_research_review_paper_literature
impact research development inclusive education,-1_research_review_paper_literature
father breastfeeding review literature,9_child_autism_parenting_de
use multiple indicator assessment basic research,-1_research_review_paper_literature
effectiveness software development technical review behaviorally motivated program research,3_research_review_system_literature
benefit participating research interview,0_review_qualitative_research_health
‘ determinant ’ organizational performance interdisciplinary review,6_strategic_organizational_research_dynamic
dividend policy review,-1_research_review_paper_literature
internalized homophobia health issue affecting lesbian gay men,0_review_qualitative_research_health
research thick plate vibration literature survey,2_material_paper_application_review
evolving research intellectual capital,5_financial_accounting_research_empirical
macroeconomic performance collective bargaining international perspective,-1_research_review_paper_literature
retrospective prospective survey time-use research,-1_research_review_paper_literature
survival analysis public health research,0_review_qualitative_research_health
engagement child adolescent treatment role parental cognition attribution,9_child_autism_parenting_de
geography highly skilled international migration,-1_research_review_paper_literature
toward conceptual framework agile method study agility different discipline,3_research_review_system_literature
communication association information system communication association information system,-1_research_review_paper_literature
empirical research international marketing 1976–1982,10_consumer_food_organic_online
rice crop yield prediction using data mining technique overview,-1_research_review_paper_literature
rhetoric research,-1_research_review_paper_literature
guide systematic review,0_review_qualitative_research_health
integrity testing personnel selection update,-1_research_review_paper_literature
communication organization,-1_research_review_paper_literature
researcher manager dialectic implementation,3_research_review_system_literature
survey various encryption technique audio data,1_learning_algorithm_image_review
review paper hardware reconfigurable intelligent surface,-1_research_review_paper_literature
artificial intelligence decision support system field operation research review future scope research,-1_research_review_paper_literature
prospect zinc structural material biodegradable implants—a review paper,2_material_paper_application_review
review paper self healing concrete,2_material_paper_application_review
conducting research literature review internet paper,3_research_review_system_literature
review paper critical review present future prospect electronic paper,2_material_paper_application_review
mathematical modeling glucose-insulin system review paper,-1_research_review_paper_literature
review paper medication-related clinical decision support computerized provider order entry system review,0_review_qualitative_research_health
gender dimension hiv status disclosure sexual partner rate barrier outcome review paper,0_review_qualitative_research_health
review paper systematic review patient acceptance consumer health information technology,0_review_qualitative_research_health
review paper microbe-clay mineral interaction,2_material_paper_application_review
review paper informatics system promote improved care chronic illness literature review,0_review_qualitative_research_health
antimicrobial therapeutic drug monitoring critically ill adult patient position paper,0_review_qualitative_research_health
european position paper rhinosinusitis nasal polyp 2020,0_review_qualitative_research_health
using pls path modeling new technology research updated guideline,6_strategic_organizational_research_dynamic
purposeful sampling qualitative data collection analysis mixed method implementation research,0_review_qualitative_research_health
write publish research paper peer-reviewed journal,-1_research_review_paper_literature
review deep learning concept cnn architecture challenge application future direction,1_learning_algorithm_image_review
literature review industry 4.0 related technology,-1_research_review_paper_literature
auxetic metamaterials structure review,2_material_paper_application_review
review object detection based deep learning,1_learning_algorithm_image_review
reminder first paper transfer learning neural network 1976,1_learning_algorithm_image_review
review deep learning technique applied semantic segmentation,1_learning_algorithm_image_review
technology acceptance model educational context systematic literature review,-1_research_review_paper_literature
brief review facial emotion recognition based visual information,1_learning_algorithm_image_review
review wearable sensor system application rehabilitation,2_material_paper_application_review
review article purpose process structure,3_research_review_system_literature
automated essay scoring system systematic literature review,-1_research_review_paper_literature
data clustering review,1_learning_algorithm_image_review
sustainable business model review,-1_research_review_paper_literature
applying grade-cerqual qualitative evidence synthesis findings–paper 6 assess relevance data,-1_research_review_paper_literature
applying grade-cerqual qualitative evidence synthesis findings—paper 4 assess coherence,-1_research_review_paper_literature
applying grade-cerqual qualitative evidence synthesis findings—paper 3 assess methodological limitation,-1_research_review_paper_literature
applying grade-cerqual qualitative evidence synthesis findings—paper 5 assess adequacy data,-1_research_review_paper_literature
towards methodology developing evidence-informed management knowledge mean systematic review,0_review_qualitative_research_health
comprehensive survey fog computing state-of-the-art research challenge,13_computing_cloud_thing_iot
statistical pattern recognition review,1_learning_algorithm_image_review
review non-precious metal electrocatalysts pem fuel cell,2_material_paper_application_review
recommendation designing reviewing qualitative research psychology promoting methodological integrity,0_review_qualitative_research_health
bmc medical research methodology open access method thematic synthesis qualitative research systematic review,0_review_qualitative_research_health
t2k experiment,-1_research_review_paper_literature
case research operation management,-1_research_review_paper_literature
sample size qualitative research,0_review_qualitative_research_health
case research strategy study information system,3_research_review_system_literature
face detection technique review,1_learning_algorithm_image_review
review engineering research sustainable manufacturing,-1_research_review_paper_literature
knowledge translation research finding,0_review_qualitative_research_health
mapping evolution social research data science 30 year social indicator research,3_research_review_system_literature
research paper recommender system evaluation quantitative literature survey,3_research_review_system_literature
learning evolve review contemporary lean thinking,-1_research_review_paper_literature
additive manufacturing technology application research need,-1_research_review_paper_literature
teacher stress direction future research,4_student_learning_teacher_teaching
assessing knowledge asset review model used measure intellectual capital,-1_research_review_paper_literature
clinical contraindication allergen immunotherapy eaaci position paper,0_review_qualitative_research_health
understanding evaluating qualitative research∗,0_review_qualitative_research_health
inductive teaching learning method definition comparison research base,4_student_learning_teacher_teaching
continuity care multidisciplinary review,0_review_qualitative_research_health
human motion analysis review,1_learning_algorithm_image_review
e-bikes mainstream reviewing decade research,8_power_system_converter_technology
search school climate review research,-1_research_review_paper_literature
perspective paper-based microfluidics current status future trend,2_material_paper_application_review
burnout 35 year research practice,-1_research_review_paper_literature
clinical global impression scale applying research tool clinical practice,-1_research_review_paper_literature
fog research review past achievement future perspective,-1_research_review_paper_literature
testing measurement invariance across group application cross-cultural research,-1_research_review_paper_literature
clarifying difference review design method,3_research_review_system_literature
supply chain risk management outlining agenda future research,7_supply_chain_risk_management
service oriented architecture approach technology research issue,13_computing_cloud_thing_iot
defining interdisciplinary research conclusion critical review literature,0_review_qualitative_research_health
deacidification conservation preservation paper-based work review,2_material_paper_application_review
content analysis consumer research,10_consumer_food_organic_online
validity reliability social science research,0_review_qualitative_research_health
research woman business owner past trend new perspective future direction,-1_research_review_paper_literature
effect small sample size two-level model estimate review illustration,-1_research_review_paper_literature
recent advance quantile regression model practical guideline empirical research,-1_research_review_paper_literature
review piezoelectric energy harvesting based vibration,2_material_paper_application_review
arbuscular mycorrhizal fungi alleviation salt stress review,2_material_paper_application_review
review research attitude–behavior relationship implication future environmental education research,-1_research_review_paper_literature
personal determinant organic food consumption review,10_consumer_food_organic_online
critical perspective action research method information system research,3_research_review_system_literature
generative adversarial network,1_learning_algorithm_image_review
review environmental friendly lead-free piezoelectric material,2_material_paper_application_review
review research subsonic turbulent flow reattachment,-1_research_review_paper_literature
facility location uncertainty review,12_scheduling_production_problem_time
innovation performance measurement trend research implication,-1_research_review_paper_literature
mixed method design implementation research,0_review_qualitative_research_health
finance development research programme working paper series paper no.1 impact assessment methodology microfinance theory experience better practice february 1999,5_financial_accounting_research_empirical
review psychoendocrine research pituitary‐adrenal cortical system,11_psychological_disorder_spiritual_depression
top-down bottom-up approach implementation research critical analysis suggested synthesis,3_research_review_system_literature
recommendation standard research assessment insomnia,0_review_qualitative_research_health
mixed method appraisal tool mmat version 2018 information professional researcher,0_review_qualitative_research_health
biodegradable polymer applied tissue engineering research review,2_material_paper_application_review
containership routing scheduling liner shipping overview future research direction,-1_research_review_paper_literature
modelling interpretation adsorption isotherm,2_material_paper_application_review
csr assurance service research agenda,-1_research_review_paper_literature
theory international new venture decade research,6_strategic_organizational_research_dynamic
human hallucinogen research guideline safety,11_psychological_disorder_spiritual_depression
recent development nanostructured anode material rechargeable lithium-ion battery,2_material_paper_application_review
implication neurobiological research cognitive model psychosis theoretical paper,11_psychological_disorder_spiritual_depression
survey software clone detection research,3_research_review_system_literature
semantic database modeling survey application research issue,-1_research_review_paper_literature
pls-sem indeed silver bullet,-1_research_review_paper_literature
better reporting intervention template intervention description replication tidier checklist guide,0_review_qualitative_research_health
intelligent agent theory practice,-1_research_review_paper_literature
virtual community informatics review research agenda,3_research_review_system_literature
ensemble-based classifier,1_learning_algorithm_image_review
scoping study towards methodological framework,0_review_qualitative_research_health
value co-production intellectual origin implication practice research,-1_research_review_paper_literature
review semiconductor piezoresistance microsystems,2_material_paper_application_review
prisma statement reporting systematic review meta-analyses study evaluate health care intervention explanation elaboration,0_review_qualitative_research_health
defining supply chain management,7_supply_chain_risk_management
schizophrenia concise overview incidence prevalence mortality,11_psychological_disorder_spiritual_depression
monetary policy shock learned end,5_financial_accounting_research_empirical
model issue data stream system,-1_research_review_paper_literature
crowdfunding social venture model research agenda,5_financial_accounting_research_empirical
adoption agricultural innovation developing country survey,-1_research_review_paper_literature
introduction mcmc machine learning,1_learning_algorithm_image_review
towards dynamic theory strategy,6_strategic_organizational_research_dynamic
framework immersive virtual environment five speculation role presence virtual environment,-1_research_review_paper_literature
concept culture organizational analysis,-1_research_review_paper_literature
goal-oriented requirement engineering guided tour,3_research_review_system_literature
multivariate garch model survey,3_research_review_system_literature
understanding productivity lesson longitudinal microdata,6_strategic_organizational_research_dynamic
positive accounting theory ten year perspective,5_financial_accounting_research_empirical
opinion spam analysis,-1_research_review_paper_literature
paradigm entrepreneurship entrepreneurial management,6_strategic_organizational_research_dynamic
sensor network evolution opportunity challenge,-1_research_review_paper_literature
principle experience-dependent neural plasticity implication rehabilitation brain damage,-1_research_review_paper_literature
contribution action research development social endeavour position paper action research methodology,-1_research_review_paper_literature
mining summarizing customer review,-1_research_review_paper_literature
state art electric hybrid fuel cell vehicle,8_power_system_converter_technology
energy harvesting human machine motion wireless electronic device,2_material_paper_application_review
conducting research literature review paper internet,3_research_review_system_literature
qualitative research international business,-1_research_review_paper_literature
macropores water flow soil,-1_research_review_paper_literature
relation price change trading volume survey,5_financial_accounting_research_empirical
scaffolding tissue engineering general approach tissue-specific consideration,2_material_paper_application_review
conducting content‐analysis based literature review supply chain management,7_supply_chain_risk_management
research paper use electronic medical record communication pattern outpatient encounter,0_review_qualitative_research_health
applying grade-cerqual qualitative evidence synthesis finding introduction series,-1_research_review_paper_literature
conceptualizing inclusive research people intellectual disability,-1_research_review_paper_literature
treatment cognitive impairment multiple sclerosis position paper,-1_research_review_paper_literature
sme internationalization research past present future,-1_research_review_paper_literature
interactive informed consent randomized comparison paper consent,0_review_qualitative_research_health
conducting research literature review internet paper 2nd edn,3_research_review_system_literature
incidental vocabulary acquisition second language construct task-induced involvement,4_student_learning_teacher_teaching
systematically reviewing qualitative quantitative evidence inform management policy-making health field,0_review_qualitative_research_health
internet addiction brief summary research practice,0_review_qualitative_research_health
religiousness mental health review,11_psychological_disorder_spiritual_depression
water quality modeling review analysis uncertainty,-1_research_review_paper_literature
utilizing literature teaching research paper,4_student_learning_teacher_teaching
using internet survey health research,0_review_qualitative_research_health
research note consumer value positive vs. negative review empirical investigation confirmation bias online word mouth,10_consumer_food_organic_online
retrospective report strategic‐level manager guideline increasing accuracy,-1_research_review_paper_literature
stature standard living,-1_research_review_paper_literature
robust model predictive control survey,1_learning_algorithm_image_review
centering decision hierarchical linear model implication research organization,-1_research_review_paper_literature
recommended step thematic synthesis software engineering,-1_research_review_paper_literature
action research nature validity,-1_research_review_paper_literature
adaptive procedure psychophysical research,-1_research_review_paper_literature
taxation foreign direct investment synthesis empirical research,5_financial_accounting_research_empirical
biopolymer coating paper packaging material,2_material_paper_application_review
stiffness small strain research practice,2_material_paper_application_review
flawed four‐level evaluation model,-1_research_review_paper_literature
understanding procedural justice impact business organization,-1_research_review_paper_literature
underwater glider ocean research,1_learning_algorithm_image_review
role national culture international marketing research,-1_research_review_paper_literature
qualitative research academy management journal,0_review_qualitative_research_health
cloud computing – classification business model research direction,13_computing_cloud_thing_iot
sampling hard reach population,-1_research_review_paper_literature
operation research healthcare survey,0_review_qualitative_research_health
